config,total_queries,total_api_calls,total_cost_usd,cost_saved_usd,cache_hits,cache_misses,cache_hit_rate,wall_time_seconds
baseline,500,500,0.16600000,0.00000000,0,0,0.000000,0.0008
exact,500,196,0.06507200,0.10092800,304,196,0.608000,0.0034
semantic,500,71,0.02357200,0.14242800,429,71,0.858000,5.4738
full,500,65,0.02158000,0.14442000,435,65,0.870000,4.1201
