config,total_queries,total_api_calls,total_cost_usd,cost_saved_usd,cache_hits,cache_misses,cache_hit_rate,wall_time_seconds
baseline,500,500,0.16600000,0.00000000,0,0,0.000000,0.0009
exact,500,194,0.06440800,0.10159200,306,194,0.612000,0.0088
semantic,500,72,0.02390400,0.14209600,428,72,0.856000,5.9556
full,500,66,0.02191200,0.14408800,434,66,0.868000,5.2301
