config,total_queries,total_api_calls,total_cost_usd,cost_saved_usd,cache_hits,cache_misses,cache_hit_rate,wall_time_seconds
baseline,500,500,0.16600000,0.00000000,0,0,0.000000,0.0012
exact,500,34,0.01128800,0.15471200,466,34,0.932000,0.0058
semantic,500,23,0.00763600,0.15836400,477,23,0.954000,5.8458
full,500,23,0.00763600,0.15836400,477,23,0.954000,4.8618
