config,total_queries,total_api_calls,total_cost_usd,cost_saved_usd,cache_hits,cache_misses,cache_hit_rate,wall_time_seconds
baseline,500,500,0.16600000,0.00000000,0,0,0.000000,0.0009
exact,500,105,0.03486000,0.13114000,395,105,0.790000,0.0073
semantic,500,51,0.01693200,0.14906800,449,51,0.898000,6.1846
full,500,51,0.01693200,0.14906800,449,51,0.898000,5.5690
